Date,Time,Open,High,Low,Close,Value
2022.06.10,04:00,1.24989,1.25010,1.24785,1.24960,9408
2022.06.10,08:00,1.24960,1.25178,1.24692,1.24824,20857
2022.06.10,12:00,1.24824,1.24844,1.23826,1.23833,27441
2022.06.10,16:00,1.23833,1.24144,1.23098,1.23112,34072
2022.06.10,20:00,1.23113,1.23230,1.23012,1.23103,15203
2022.06.13,00:00,1.23144,1.23195,1.22704,1.22755,10567
2022.06.13,04:00,1.22754,1.22922,1.22617,1.22860,19460
2022.06.13,08:00,1.22860,1.23003,1.22126,1.22195,29145
2022.06.13,12:00,1.22194,1.22228,1.21616,1.21952,31219
2022.06.13,16:00,1.21951,1.22006,1.21236,1.21735,36280
2022.06.13,20:00,1.21735,1.21868,1.21063,1.21328,29144
2022.06.14,00:00,1.21282,1.21609,1.21206,1.21550,11617
2022.06.14,04:00,1.21549,1.21957,1.21336,1.21762,23748
2022.06.14,08:00,1.21762,1.22079,1.21494,1.21523,30211
2022.06.14,12:00,1.21519,1.21591,1.20623,1.20769,35080
2022.06.14,16:00,1.20769,1.20839,1.19891,1.19946,45290
2022.06.14,20:00,1.19946,1.20313,1.19335,1.19960,24369
2022.06.15,00:00,1.19950,1.20182,1.19873,1.20182,11572
2022.06.15,04:00,1.20182,1.20414,1.19986,1.20017,18573
2022.06.15,08:00,1.20017,1.20896,1.19891,1.20885,36028
2022.06.15,12:00,1.20885,1.21252,1.20585,1.20640,37157
2022.06.15,16:00,1.20641,1.20975,1.20462,1.20645,33944
2022.06.15,20:00,1.20645,1.22047,1.20276,1.21785,53771
2022.06.16,00:00,1.21783,1.21888,1.21578,1.21774,9468
2022.06.16,04:00,1.21774,1.21861,1.21411,1.21464,16158
2022.06.16,08:00,1.21464,1.21546,1.20580,1.21282,33645
2022.06.16,12:00,1.21284,1.22470,1.20411,1.22210,47866
2022.06.16,16:00,1.22208,1.24061,1.22208,1.23802,44775
2022.06.16,20:00,1.23804,1.23981,1.23446,1.23491,29434
2022.06.17,00:00,1.23470,1.23666,1.23189,1.23244,14349
2022.06.17,04:00,1.23244,1.23311,1.22853,1.23051,22097
2022.06.17,08:00,1.23052,1.23429,1.22522,1.23161,31276
2022.06.17,12:00,1.23160,1.23351,1.22523,1.22672,29450
2022.06.17,16:00,1.22672,1.22682,1.21723,1.21887,40257
2022.06.17,20:00,1.21883,1.22318,1.21868,1.22173,17920
2022.06.20,00:00,1.22096,1.22311,1.22054,1.22232,11425
2022.06.20,04:00,1.22232,1.22537,1.21985,1.22357,16778
2022.06.20,08:00,1.22356,1.22530,1.22180,1.22461,24709
2022.06.20,12:00,1.22468,1.22803,1.22335,1.22628,20022
2022.06.20,16:00,1.22627,1.22627,1.22258,1.22544,19058
2022.06.20,20:00,1.22543,1.22598,1.22311,1.22508,4802
2022.06.21,00:00,1.22480,1.22713,1.22344,1.22700,9389
2022.06.21,04:00,1.22700,1.22836,1.22619,1.22648,11576
2022.06.21,08:00,1.22648,1.23241,1.22448,1.23094,21587
2022.06.21,12:00,1.23093,1.23182,1.22512,1.22667,23570
2022.06.21,16:00,1.22669,1.22947,1.22487,1.22718,27847
2022.06.21,20:00,1.22718,1.22821,1.22615,1.22788,11968
2022.06.22,00:00,1.22776,1.22800,1.22428,1.22453,9758
2022.06.22,04:00,1.22453,1.22595,1.22284,1.22331,17907
2022.06.22,08:00,1.22331,1.22431,1.21612,1.22178,25524
2022.06.22,12:00,1.22178,1.22724,1.22144,1.22535,26574
2022.06.22,16:00,1.22537,1.23147,1.22477,1.22658,36475
2022.06.22,20:00,1.22657,1.22876,1.22567,1.22619,13890
2022.06.23,00:00,1.22582,1.22662,1.22416,1.22605,7430
2022.06.23,04:00,1.22605,1.22645,1.22306,1.22548,19277
2022.06.23,08:00,1.22547,1.22634,1.21697,1.21996,28242
2022.06.23,12:00,1.21996,1.22586,1.21941,1.22442,26123
2022.06.23,16:00,1.22442,1.22948,1.22210,1.22286,41005
2022.06.23,20:00,1.22287,1.22726,1.22199,1.22612,15131
2022.06.24,00:00,1.22595,1.22707,1.22401,1.22497,11495
2022.06.24,04:00,1.22497,1.22850,1.22454,1.22797,10819
2022.06.24,08:00,1.22790,1.22845,1.22432,1.22755,19518
2022.06.24,12:00,1.22755,1.23095,1.22619,1.22834,22888
2022.06.24,16:00,1.22834,1.23212,1.22646,1.22688,36723
2022.06.24,20:00,1.22686,1.22872,1.22502,1.22714,9544
2022.06.27,00:00,1.22494,1.22960,1.22494,1.22698,6444
2022.06.27,04:00,1.22700,1.22902,1.22659,1.22842,15097
2022.06.27,08:00,1.22841,1.23324,1.22642,1.23174,19635
2022.06.27,12:00,1.23174,1.23193,1.22379,1.22554,19857
2022.06.27,16:00,1.22555,1.23134,1.22552,1.22911,30680
2022.06.27,20:00,1.22911,1.22919,1.22618,1.22652,17483
2022.06.28,00:00,1.22643,1.22800,1.22604,1.22717,7174
2022.06.28,04:00,1.22716,1.22836,1.22608,1.22671,17975
2022.06.28,08:00,1.22674,1.22914,1.22514,1.22840,23529
2022.06.28,12:00,1.22840,1.22846,1.22106,1.22132,23099
2022.06.28,16:00,1.22132,1.22259,1.21852,1.21937,35171
2022.06.28,20:00,1.21939,1.22000,1.21808,1.21817,19096
2022.06.29,00:00,1.21810,1.22028,1.21752,1.21915,17357
2022.06.29,04:00,1.21915,1.22126,1.21885,1.21968,17978
2022.06.29,08:00,1.21971,1.22118,1.21654,1.21746,26095
2022.06.29,12:00,1.21746,1.21899,1.21417,1.21532,29241
2022.06.29,16:00,1.21532,1.21765,1.21058,1.21219,39753
2022.06.29,20:00,1.21219,1.21380,1.21134,1.21205,14347
2022.06.30,00:00,1.21197,1.21324,1.21055,1.21261,12067
2022.06.30,04:00,1.21262,1.21415,1.21070,1.21311,12094
2022.06.30,08:00,1.21312,1.21658,1.21247,1.21426,26702
2022.06.30,12:00,1.21425,1.21426,1.20919,1.21227,24519
2022.06.30,16:00,1.21222,1.21881,1.21214,1.21774,37800
2022.06.30,20:00,1.21774,1.21884,1.21639,1.21778,17542
2022.07.01,00:00,1.21725,1.21774,1.21488,1.21536,7434
2022.07.01,04:00,1.21536,1.21571,1.21110,1.21191,18912
2022.07.01,08:00,1.21191,1.21387,1.20931,1.21013,26531
2022.07.01,12:00,1.21012,1.21174,1.20040,1.20072,28302
2022.07.01,16:00,1.20072,1.20635,1.19758,1.20456,39710
2022.07.01,20:00,1.20453,1.21070,1.20367,1.20932,12715
2022.07.04,00:00,1.20970,1.21208,1.20947,1.21056,9775
2022.07.04,04:00,1.21056,1.21086,1.20839,1.20927,18781
2022.07.04,08:00,1.20927,1.21269,1.20909,1.21222,17538
2022.07.04,12:00,1.21222,1.21652,1.21079,1.21533,19169
2022.07.04,16:00,1.21533,1.21610,1.20958,1.21113,17440
2022.07.04,20:00,1.21109,1.21130,1.20966,1.21040,4922
2022.07.05,00:00,1.21064,1.21180,1.20963,1.21103,12049
2022.07.05,04:00,1.21104,1.21221,1.20976,1.21127,12461
2022.07.05,08:00,1.21123,1.21254,1.20427,1.20439,26182
2022.07.05,12:00,1.20439,1.20568,1.19597,1.19695,33249
2022.07.05,16:00,1.19696,1.19725,1.18986,1.19241,36365
2022.07.05,20:00,1.19242,1.19594,1.19170,1.19561,16130
2022.07.06,00:00,1.19541,1.19648,1.19248,1.19643,8809
2022.07.06,04:00,1.19643,1.19719,1.19266,1.19350,18873
2022.07.06,08:00,1.19350,1.19896,1.19109,1.19600,27232
2022.07.06,12:00,1.19601,1.19634,1.18757,1.18973,34668
2022.07.06,16:00,1.18971,1.19407,1.18859,1.19096,46031
2022.07.06,20:00,1.19096,1.19449,1.19080,1.19226,23909
2022.07.07,00:00,1.19192,1.19298,1.19082,1.19251,10638
2022.07.07,04:00,1.19254,1.19531,1.19146,1.19475,12331
2022.07.07,08:00,1.19477,1.19943,1.19334,1.19693,25663
2022.07.07,12:00,1.19694,1.20237,1.19551,1.19640,31779
2022.07.07,16:00,1.19639,1.20142,1.19481,1.20081,32475
2022.07.07,20:00,1.20087,1.20297,1.19964,1.20208,11577
2022.07.08,00:00,1.20194,1.20515,1.20106,1.20495,8184
2022.07.08,04:00,1.20495,1.20561,1.19962,1.20142,18497
2022.07.08,08:00,1.20143,1.20144,1.19192,1.19349,27730
2022.07.08,12:00,1.19349,1.20299,1.19278,1.19867,33166
2022.07.08,16:00,1.19868,1.20485,1.19716,1.20192,33957
2022.07.08,20:00,1.20192,1.20351,1.20119,1.20333,11855
2022.07.11,00:00,1.19989,1.20363,1.19989,1.20081,9892
2022.07.11,04:00,1.20083,1.20091,1.19765,1.19877,10676
2022.07.11,08:00,1.19877,1.19894,1.19534,1.19665,19801
2022.07.11,12:00,1.19664,1.19774,1.19074,1.19231,25126
2022.07.11,16:00,1.19231,1.19232,1.18665,1.18831,36474
2022.07.11,20:00,1.18828,1.19096,1.18803,1.18912,15161
2022.07.12,00:00,1.18906,1.19099,1.18838,1.18922,11474
2022.07.12,04:00,1.18923,1.18934,1.18596,1.18642,22135
2022.07.12,08:00,1.18644,1.18737,1.18075,1.18300,33164
2022.07.12,12:00,1.18299,1.18823,1.18128,1.18591,31178
2022.07.12,16:00,1.18587,1.19160,1.18587,1.19105,33549
2022.07.12,20:00,1.19104,1.19131,1.18818,1.18861,12724
2022.07.13,00:00,1.18832,1.18903,1.18740,1.18789,9296
2022.07.13,04:00,1.18789,1.19190,1.18698,1.19012,16303
2022.07.13,08:00,1.19012,1.19364,1.18764,1.18905,29643
2022.07.13,12:00,1.18904,1.19471,1.18272,1.18556,33125
2022.07.13,16:00,1.18557,1.19675,1.18431,1.19213,44323
2022.07.13,20:00,1.19214,1.19327,1.18864,1.18892,16792
2022.07.14,00:00,1.18863,1.18919,1.18499,1.18573,11888
2022.07.14,04:00,1.18574,1.18836,1.18460,1.18604,17996
2022.07.14,08:00,1.18604,1.18752,1.18235,1.18422,26859
2022.07.14,12:00,1.18422,1.18770,1.18109,1.18114,34939
2022.07.14,16:00,1.18118,1.18424,1.17600,1.17794,51201
2022.07.14,20:00,1.17795,1.18382,1.17775,1.18239,22197
2022.07.15,00:00,1.18210,1.18414,1.18174,1.18266,8613
2022.07.15,04:00,1.18266,1.18517,1.18254,1.18310,19191
2022.07.15,08:00,1.18310,1.18453,1.18042,1.18274,26396
2022.07.15,12:00,1.18273,1.18532,1.18070,1.18470,32288
2022.07.15,16:00,1.18472,1.18747,1.18138,1.18553,37890
2022.07.15,20:00,1.18555,1.18702,1.18492,1.18632,9309
2022.07.18,00:00,1.18656,1.18904,1.18612,1.18827,8509
2022.07.18,04:00,1.18828,1.19064,1.18811,1.18860,12581
2022.07.18,08:00,1.18860,1.19658,1.18782,1.19460,24664
2022.07.18,12:00,1.19459,1.19917,1.19418,1.19793,27765
2022.07.18,16:00,1.19793,1.20334,1.19697,1.19765,28264
2022.07.18,20:00,1.19765,1.19804,1.19460,1.19513,16187
2022.07.19,00:00,1.19489,1.19582,1.19329,1.19347,10674
2022.07.19,04:00,1.19346,1.19566,1.19243,1.19456,12615
2022.07.19,08:00,1.19457,1.20243,1.19435,1.20212,29309
2022.07.19,12:00,1.20212,1.20400,1.19999,1.20116,30173
2022.07.19,16:00,1.20110,1.20456,1.20048,1.20076,31491
2022.07.19,20:00,1.20078,1.20105,1.19856,1.19929,13226
2022.07.20,00:00,1.19931,1.20180,1.19877,1.20154,11845
2022.07.20,04:00,1.20155,1.20370,1.20092,1.20293,14192
2022.07.20,08:00,1.20293,1.20349,1.19886,1.20046,24551
2022.07.20,12:00,1.20047,1.20325,1.19553,1.19836,32217
2022.07.20,16:00,1.19831,1.20065,1.19600,1.19719,33873
2022.07.20,20:00,1.19716,1.19807,1.19534,1.19743,18441
2022.07.21,00:00,1.19706,1.19808,1.19626,1.19666,8385
2022.07.21,04:00,1.19666,1.20002,1.19626,1.19984,17631
2022.07.21,08:00,1.19984,1.20037,1.19205,1.19392,27312
2022.07.21,12:00,1.19392,1.19930,1.19133,1.19851,37395
2022.07.21,16:00,1.19844,1.19919,1.18897,1.19512,49100
2022.07.21,20:00,1.19513,1.20041,1.19508,1.19938,18208
2022.07.22,00:00,1.19902,1.20027,1.19570,1.19863,12767
2022.07.22,04:00,1.19863,1.19904,1.19555,1.19563,21002
2022.07.22,08:00,1.19563,1.19895,1.19160,1.19555,30536
2022.07.22,12:00,1.19555,1.19763,1.19268,1.19587,34802
2022.07.22,16:00,1.19586,1.20638,1.19520,1.20221,40270
2022.07.22,20:00,1.20222,1.20245,1.19707,1.20048,18178
2022.07.25,00:00,1.19799,1.20090,1.19600,1.19626,5983
2022.07.25,04:00,1.19626,1.19957,1.19611,1.19823,16302
2022.07.25,08:00,1.19823,1.20297,1.19628,1.20275,25639
2022.07.25,12:00,1.20274,1.20826,1.20224,1.20703,29268
2022.07.25,16:00,1.20704,1.20869,1.20249,1.20511,30317
2022.07.25,20:00,1.20511,1.20596,1.20427,1.20428,11823
2022.07.26,00:00,1.20398,1.20630,1.20323,1.20596,11282
2022.07.26,04:00,1.20591,1.20900,1.20575,1.20627,9536
2022.07.26,08:00,1.20628,1.20707,1.20305,1.20339,22377
2022.07.26,12:00,1.20339,1.20348,1.19637,1.20028,29057
2022.07.26,16:00,1.20027,1.20540,1.19892,1.20250,31603
2022.07.26,20:00,1.20250,1.20418,1.20205,1.20284,13916
2022.07.27,00:00,1.20256,1.20531,1.20113,1.20440,10607
2022.07.27,04:00,1.20439,1.20594,1.20367,1.20590,13725
2022.07.27,08:00,1.20590,1.20743,1.20360,1.20599,25187
2022.07.27,12:00,1.20598,1.20877,1.20428,1.20471,24576
2022.07.27,16:00,1.20473,1.20586,1.20206,1.20386,27339
2022.07.27,20:00,1.20385,1.21863,1.20292,1.21558,36660
2022.07.28,00:00,1.21529,1.21700,1.21417,1.21481,9148
2022.07.28,04:00,1.21483,1.21860,1.21457,1.21593,14108
2022.07.28,08:00,1.21593,1.21917,1.21536,1.21870,28514
2022.07.28,12:00,1.21871,1.21871,1.21032,1.21394,34985
2022.07.28,16:00,1.21394,1.21661,1.21090,1.21303,37933
2022.07.28,20:00,1.21304,1.21836,1.21296,1.21781,12231
2022.07.29,00:00,1.21768,1.21800,1.21618,1.21737,12857
2022.07.29,04:00,1.21737,1.22036,1.21624,1.21878,16803
2022.07.29,08:00,1.21878,1.22457,1.21552,1.21698,28590
2022.07.29,12:00,1.21694,1.21869,1.21060,1.21152,30556
2022.07.29,16:00,1.21154,1.21866,1.20632,1.21687,39543
2022.07.29,20:00,1.21687,1.21885,1.21518,1.21822,8998
2022.08.01,00:00,1.21574,1.21881,1.21454,1.21726,9736
2022.08.01,04:00,1.21726,1.21983,1.21678,1.21829,13392
2022.08.01,08:00,1.21828,1.22308,1.21740,1.22305,18365
2022.08.01,12:00,1.22305,1.22617,1.22185,1.22477,24761
2022.08.01,16:00,1.22477,1.22935,1.22351,1.22770,35103
2022.08.01,20:00,1.22771,1.22774,1.22413,1.22483,14116
2022.08.02,00:00,1.22451,1.22786,1.22389,1.22701,10277
2022.08.02,04:00,1.22701,1.22763,1.22438,1.22485,22083
2022.08.02,08:00,1.22485,1.22563,1.21858,1.21917,28869
2022.08.02,12:00,1.21913,1.22279,1.21912,1.22213,25549
2022.08.02,16:00,1.22220,1.22409,1.21797,1.22144,38017
2022.08.02,20:00,1.22139,1.22144,1.21581,1.21652,17597
2022.08.03,00:00,1.21600,1.21721,1.21343,1.21463,14948
2022.08.03,04:00,1.21466,1.21940,1.21452,1.21796,15521
2022.08.03,08:00,1.21795,1.22079,1.21570,1.21785,22000
2022.08.03,12:00,1.21785,1.22055,1.21668,1.21746,25294
2022.08.03,16:00,1.21745,1.21799,1.21001,1.21427,37888
2022.08.03,20:00,1.21427,1.21553,1.21378,1.21462,14101
2022.08.04,00:00,1.21412,1.21601,1.21338,1.21585,7278
2022.08.04,04:00,1.21584,1.21675,1.21440,1.21554,12248
2022.08.04,08:00,1.21554,1.21758,1.21286,1.21648,17515
2022.08.04,12:00,1.21649,1.22164,1.20647,1.21129,33684
2022.08.04,16:00,1.21127,1.21615,1.20900,1.21459,33415
2022.08.04,20:00,1.21455,1.21758,1.21444,1.21586,11617
2022.08.05,00:00,1.21550,1.21629,1.21341,1.21381,8033
2022.08.05,04:00,1.21381,1.21468,1.21299,1.21404,12397
2022.08.05,08:00,1.21404,1.21690,1.21356,1.21446,16016
2022.08.05,12:00,1.21446,1.21488,1.20250,1.20274,24975
2022.08.05,16:00,1.20273,1.20842,1.20034,1.20775,38370
2022.08.05,20:00,1.20773,1.20942,1.20606,1.20730,10525
2022.08.08,00:00,1.20659,1.20679,1.20470,1.20560,4940
2022.08.08,04:00,1.20559,1.20799,1.20547,1.20763,9149
2022.08.08,08:00,1.20763,1.21230,1.20688,1.20855,17843
2022.08.08,12:00,1.20855,1.21220,1.20715,1.21208,18930
2022.08.08,16:00,1.21210,1.21380,1.20760,1.20771,21526
2022.08.08,20:00,1.20772,1.20934,1.20686,1.20806,12590
2022.08.09,00:00,1.20770,1.20884,1.20745,1.20778,11441
2022.08.09,04:00,1.20779,1.20855,1.20699,1.20845,9495
2022.08.09,08:00,1.20848,1.21222,1.20653,1.21183,13789
2022.08.09,12:00,1.21191,1.21304,1.20948,1.21073,18927
2022.08.09,16:00,1.21073,1.21289,1.20762,1.20829,24178
2022.08.09,20:00,1.20829,1.20865,1.20630,1.20769,9692
2022.08.10,00:00,1.20736,1.20882,1.20644,1.20684,7828
2022.08.10,04:00,1.20683,1.20843,1.20659,1.20835,8722
2022.08.10,08:00,1.20835,1.21058,1.20674,1.20951,16510
2022.08.10,12:00,1.20953,1.22509,1.20810,1.22188,25158
2022.08.10,16:00,1.22189,1.22771,1.21911,1.22480,40182
2022.08.10,20:00,1.22480,1.22614,1.22100,1.22141,17310
2022.08.11,00:00,1.22114,1.22226,1.22045,1.22090,11148
2022.08.11,04:00,1.22090,1.22096,1.21820,1.21904,11799
2022.08.11,08:00,1.21904,1.22456,1.21833,1.22419,19667
2022.08.11,12:00,1.22422,1.22445,1.21942,1.22353,27245
2022.08.11,16:00,1.22353,1.22494,1.21966,1.22239,34657
2022.08.11,20:00,1.22243,1.22269,1.21854,1.22026,15708
2022.08.12,00:00,1.21964,1.22028,1.21770,1.21841,6628
2022.08.12,04:00,1.21841,1.21970,1.21782,1.21896,10570
2022.08.12,08:00,1.21893,1.22169,1.21677,1.21785,19325
2022.08.12,12:00,1.21785,1.21789,1.21084,1.21106,25235
2022.08.12,16:00,1.21113,1.21444,1.20999,1.21289,32638
2022.08.12,20:00,1.21287,1.21465,1.21284,1.21354,9641
2022.08.15,00:00,1.21089,1.21482,1.21089,1.21421,5726
2022.08.15,04:00,1.21421,1.21448,1.21078,1.21151,10880
2022.08.15,08:00,1.21151,1.21216,1.20688,1.20746,17841
2022.08.15,12:00,1.20746,1.21147,1.20504,1.20892,24572
2022.08.15,16:00,1.20893,1.21094,1.20686,1.20846,21195
2022.08.15,20:00,1.20846,1.20862,1.20497,1.20535,9093
2022.08.16,00:00,1.20522,1.20590,1.20376,1.20395,12274
2022.08.16,04:00,1.20397,1.20605,1.20349,1.20519,9369
2022.08.16,08:00,1.20517,1.20585,1.20078,1.20368,18660
2022.08.16,12:00,1.20372,1.20575,1.20130,1.20551,23726
2022.08.16,16:00,1.20550,1.21178,1.20488,1.20813,25939
2022.08.16,20:00,1.20813,1.21047,1.20793,1.20958,10331
2022.08.17,00:00,1.20937,1.21084,1.20833,1.21075,12389
2022.08.17,04:00,1.21072,1.21228,1.20978,1.21192,13896
2022.08.17,08:00,1.21190,1.21432,1.20775,1.21034,20670
2022.08.17,12:00,1.21034,1.21146,1.20475,1.20627,23524
2022.08.17,16:00,1.20627,1.20956,1.20280,1.20395,26226
2022.08.17,20:00,1.20401,1.20880,1.20355,1.20470,19982
2022.08.18,00:00,1.20440,1.20605,1.20416,1.20507,11899
2022.08.18,04:00,1.20506,1.20592,1.20299,1.20399,14774
2022.08.18,08:00,1.20400,1.20583,1.19944,1.20478,27110
2022.08.18,12:00,1.20478,1.20798,1.20354,1.20490,26424
2022.08.18,16:00,1.20492,1.20534,1.19358,1.19370,30609
2022.08.18,20:00,1.19370,1.19436,1.19224,1.19295,16058
2022.08.19,00:00,1.19277,1.19368,1.19049,1.19055,14161
2022.08.19,04:00,1.19055,1.19258,1.18939,1.19022,14043
2022.08.19,08:00,1.19022,1.19260,1.18798,1.18956,26899
2022.08.19,12:00,1.18956,1.18965,1.18156,1.18476,27041
2022.08.19,16:00,1.18473,1.18577,1.17920,1.18255,28909
2022.08.19,20:00,1.18256,1.18345,1.18106,1.18253,12217
2022.08.22,00:00,1.18104,1.18336,1.18051,1.18069,6874
2022.08.22,04:00,1.18068,1.18366,1.18057,1.18305,14689
2022.08.22,08:00,1.18303,1.18364,1.17822,1.18126,27460
2022.08.22,12:00,1.18124,1.18228,1.17894,1.18184,24804
2022.08.22,16:00,1.18184,1.18271,1.17421,1.17752,28737
2022.08.22,20:00,1.17751,1.17760,1.17517,1.17657,10113
2022.08.23,00:00,1.17637,1.17821,1.17571,1.17743,8326
2022.08.23,04:00,1.17742,1.17848,1.17634,1.17642,12639
2022.08.23,08:00,1.17633,1.17792,1.17174,1.17777,32521
2022.08.23,12:00,1.17777,1.17830,1.17460,1.17648,24633
2022.08.23,16:00,1.17648,1.18779,1.17571,1.18487,39139
2022.08.23,20:00,1.18487,1.18504,1.18167,1.18334,12565
2022.08.24,00:00,1.18289,1.18382,1.18127,1.18130,8895
2022.08.24,04:00,1.18131,1.18279,1.17986,1.18249,14220
2022.08.24,08:00,1.18246,1.18338,1.18008,1.18226,19559
2022.08.24,12:00,1.18225,1.18264,1.17582,1.17724,28712
2022.08.24,16:00,1.17725,1.18258,1.17559,1.17853,35714
2022.08.24,20:00,1.17853,1.18020,1.17810,1.17964,11926
2022.08.25,00:00,1.17930,1.18150,1.17832,1.18117,9856
2022.08.25,04:00,1.18122,1.18425,1.18036,1.18348,14514
2022.08.25,08:00,1.18349,1.18646,1.18252,1.18440,25018
2022.08.25,12:00,1.18440,1.18572,1.18091,1.18204,25709
2022.08.25,16:00,1.18204,1.18502,1.17930,1.18209,31379
2022.08.25,20:00,1.18210,1.18391,1.18176,1.18329,13701
2022.08.26,00:00,1.18316,1.18382,1.18055,1.18140,8281
2022.08.26,04:00,1.18140,1.18313,1.18079,1.18088,11765
2022.08.26,08:00,1.18089,1.18103,1.17754,1.18013,25160
2022.08.26,12:00,1.18013,1.18544,1.18011,1.18536,25714
2022.08.26,16:00,1.18535,1.19012,1.17456,1.17535,53216
2022.08.26,20:00,1.17535,1.17578,1.17331,1.17380,12871
2022.08.29,00:00,1.17294,1.17342,1.16749,1.16782,10430
2022.08.29,04:00,1.16782,1.16857,1.16520,1.16543,14865
2022.08.29,08:00,1.16544,1.16829,1.16485,1.16585,32008
2022.08.29,12:00,1.16585,1.17345,1.16568,1.17170,30184
2022.08.29,16:00,1.17170,1.17443,1.16862,1.17226,33624
2022.08.29,20:00,1.17228,1.17293,1.16982,1.17090,11647
2022.08.30,00:00,1.17090,1.17252,1.17010,1.17162,14772
2022.08.30,04:00,1.17164,1.17265,1.16867,1.17053,13405
2022.08.30,08:00,1.17050,1.17528,1.16983,1.17383,31052
2022.08.30,12:00,1.17383,1.17607,1.16881,1.16986,30349
2022.08.30,16:00,1.16984,1.17220,1.16215,1.16511,43273
2022.08.30,20:00,1.16511,1.16699,1.16466,1.16543,14268
2022.08.31,00:00,1.16462,1.16752,1.16462,1.16667,9820
2022.08.31,04:00,1.16667,1.16924,1.16593,1.16840,13003
2022.08.31,08:00,1.16842,1.16937,1.16360,1.16414,28106
2022.08.31,12:00,1.16416,1.16509,1.16019,1.16377,30730
2022.08.31,16:00,1.16377,1.16537,1.15991,1.16255,43176
2022.08.31,20:00,1.16255,1.16305,1.16057,1.16206,17161
2022.09.01,00:00,1.16207,1.16221,1.15736,1.15831,22372
2022.09.01,04:00,1.15830,1.15908,1.15678,1.15777,14762
2022.09.01,08:00,1.15776,1.16168,1.15720,1.15976,32901
2022.09.01,12:00,1.15976,1.16078,1.15497,1.15646,31685
2022.09.01,16:00,1.15648,1.15790,1.14989,1.15339,43563
2022.09.01,20:00,1.15339,1.15554,1.15325,1.15442,15164
2022.09.02,00:00,1.15418,1.15596,1.15255,1.15503,8540
2022.09.02,04:00,1.15497,1.15556,1.15397,1.15505,13748
2022.09.02,08:00,1.15504,1.15695,1.15324,1.15553,24476
2022.09.02,12:00,1.15553,1.15888,1.15316,1.15399,31149
2022.09.02,16:00,1.15399,1.15889,1.15154,1.15238,44009
2022.09.02,20:00,1.15237,1.15238,1.14957,1.15126,18756
2022.09.05,00:00,1.14797,1.14984,1.14653,1.14797,13571
2022.09.05,04:00,1.14795,1.14931,1.14568,1.14648,20986
2022.09.05,08:00,1.14648,1.14941,1.14435,1.14903,35058
2022.09.05,12:00,1.14902,1.15189,1.14803,1.14910,23518
2022.09.05,16:00,1.14911,1.15214,1.14911,1.15151,16618
2022.09.05,20:00,1.15154,1.15216,1.15127,1.15167,3426
2022.09.06,00:00,1.15159,1.15913,1.15088,1.15905,10134
2022.09.06,04:00,1.15904,1.16001,1.15599,1.15630,18974
2022.09.06,08:00,1.15630,1.16094,1.15492,1.15742,38542
2022.09.06,12:00,1.15741,1.16086,1.15466,1.15471,30063
2022.09.06,16:00,1.15472,1.15516,1.14938,1.15302,43767
2022.09.06,20:00,1.15303,1.15329,1.15125,1.15184,17916
2022.09.07,00:00,1.15141,1.15238,1.14785,1.14798,7410
2022.09.07,04:00,1.14795,1.14860,1.14512,1.14781,21225
2022.09.07,08:00,1.14786,1.15234,1.14694,1.14955,27810
2022.09.07,12:00,1.14955,1.15015,1.14141,1.14315,33598
2022.09.07,16:00,1.14315,1.15004,1.14050,1.14952,35102
2022.09.07,20:00,1.14952,1.15395,1.14938,1.15331,14844
2022.09.08,00:00,1.15316,1.15411,1.15004,1.15059,10691
2022.09.08,04:00,1.15059,1.15160,1.14905,1.15051,18297
2022.09.08,08:00,1.15051,1.15222,1.14779,1.14958,31700
2022.09.08,12:00,1.14959,1.15609,1.14761,1.15029,36363
2022.09.08,16:00,1.15027,1.15162,1.14605,1.14817,50657
2022.09.08,20:00,1.14817,1.15171,1.14791,1.15012,20832
2022.09.09,00:00,1.14972,1.15520,1.14881,1.15427,12430
2022.09.09,04:00,1.15427,1.15959,1.15402,1.15880,21937
2022.09.09,08:00,1.15881,1.16482,1.15785,1.16297,32180
2022.09.09,12:00,1.16297,1.16306,1.15511,1.15754,31355
2022.09.09,16:00,1.15753,1.16023,1.15677,1.16015,33543
2022.09.09,20:00,1.16015,1.16016,1.15806,1.15863,10578
2022.09.12,00:00,1.16355,1.16376,1.16021,1.16117,10349
2022.09.12,04:00,1.16115,1.16288,1.16005,1.16049,15245
2022.09.12,08:00,1.16050,1.17000,1.16048,1.16918,39589
2022.09.12,12:00,1.16918,1.17045,1.16631,1.16922,29376
2022.09.12,16:00,1.16922,1.17108,1.16636,1.17091,29260
2022.09.12,20:00,1.17091,1.17091,1.16752,1.16807,13211
2022.09.13,00:00,1.16807,1.17054,1.16752,1.16950,9100
2022.09.13,04:00,1.16948,1.16982,1.16788,1.16817,13693
2022.09.13,08:00,1.16819,1.17324,1.16798,1.17144,24350
2022.09.13,12:00,1.17144,1.17383,1.15536,1.15554,33163
2022.09.13,16:00,1.15550,1.15846,1.15153,1.15245,42674
2022.09.13,20:00,1.15244,1.15371,1.14915,1.14919,17910
2022.09.14,00:00,1.14943,1.15125,1.14807,1.15019,15086
2022.09.14,04:00,1.15019,1.15300,1.14873,1.15211,17058
2022.09.14,08:00,1.15210,1.15524,1.14799,1.15383,37187
2022.09.14,12:00,1.15379,1.15727,1.15328,1.15568,32743
2022.09.14,16:00,1.15569,1.15898,1.15395,1.15656,33162
2022.09.14,20:00,1.15654,1.15705,1.15265,1.15392,13444
2022.09.15,00:00,1.15392,1.15492,1.15097,1.15337,3829
2022.09.15,04:00,1.15337,1.15476,1.15201,1.15246,5751
2022.09.15,08:00,1.15248,1.15382,1.15063,1.15281,19334
2022.09.15,12:00,1.15280,1.15282,1.14717,1.15095,26463
2022.09.15,16:00,1.15093,1.15175,1.14633,1.14811,31821
2022.09.15,20:00,1.14811,1.14987,1.14616,1.14685,10889
2022.09.16,00:00,1.14685,1.14783,1.14507,1.14709,5276
2022.09.16,04:00,1.14709,1.14803,1.14548,1.14657,5803
2022.09.16,08:00,1.14657,1.14657,1.13507,1.13708,27121
2022.09.16,12:00,1.13710,1.14136,1.13710,1.13783,25831
2022.09.16,16:00,1.13784,1.14469,1.13766,1.13974,39230
2022.09.16,20:00,1.13974,1.14259,1.13861,1.14230,15230
2022.09.19,00:00,1.14054,1.14416,1.14054,1.14242,5794
2022.09.19,04:00,1.14242,1.14282,1.13941,1.14012,7780
2022.09.19,08:00,1.14013,1.14048,1.13649,1.13660,16353
2022.09.19,12:00,1.13660,1.13913,1.13555,1.13717,19683
2022.09.19,16:00,1.13716,1.14211,1.13630,1.14177,21380
2022.09.19,20:00,1.14178,1.14401,1.14081,1.14322,9033
2022.09.20,00:00,1.14288,1.14604,1.14105,1.14306,8853
2022.09.20,04:00,1.14306,1.14364,1.14089,1.14279,8956
2022.09.20,08:00,1.14279,1.14608,1.14124,1.14323,20554
2022.09.20,12:00,1.14323,1.14556,1.14058,1.14182,26750
2022.09.20,16:00,1.14180,1.14260,1.13721,1.13835,30486
2022.09.20,20:00,1.13835,1.13876,1.13574,1.13799,14894
2022.09.21,00:00,1.13763,1.13841,1.13638,1.13717,9007
2022.09.21,04:00,1.13717,1.13826,1.13650,1.13683,10672
2022.09.21,08:00,1.13683,1.13828,1.13041,1.13299,35396
2022.09.21,12:00,1.13299,1.13497,1.13276,1.13426,21658
2022.09.21,16:00,1.13424,1.13504,1.13126,1.13143,29508
2022.09.21,20:00,1.13144,1.13573,1.12358,1.12681,42779
2022.09.22,00:00,1.12648,1.12918,1.12243,1.12272,7949
2022.09.22,04:00,1.12272,1.12540,1.12198,1.12430,17880
2022.09.22,08:00,1.12429,1.13547,1.12117,1.13259,45837
2022.09.22,12:00,1.13259,1.13649,1.12695,1.13360,45409
2022.09.22,16:00,1.13344,1.13356,1.12417,1.12644,43570
2022.09.22,20:00,1.12644,1.12710,1.12499,1.12538,16039
2022.09.23,00:00,1.12576,1.12741,1.12502,1.12642,5780
2022.09.23,04:00,1.12640,1.12686,1.12225,1.12318,12321
2022.09.23,08:00,1.12317,1.12447,1.11506,1.11751,29913
2022.09.23,12:00,1.11753,1.12096,1.10205,1.10609,56557
2022.09.23,16:00,1.10608,1.10964,1.08621,1.08964,52561
2022.09.23,20:00,1.08967,1.09040,1.08388,1.08449,27148
2022.09.26,00:00,1.07948,1.08457,1.03889,1.03998,25086
2022.09.26,04:00,1.03973,1.06025,1.03528,1.05339,42859
2022.09.26,08:00,1.05340,1.07893,1.05239,1.07542,65432
2022.09.26,12:00,1.07542,1.09303,1.06718,1.08802,63105
2022.09.26,16:00,1.08804,1.08914,1.06312,1.06815,71832
2022.09.26,20:00,1.06812,1.07202,1.06416,1.06895,22939
2022.09.27,00:00,1.06771,1.07887,1.06512,1.07697,11348
2022.09.27,04:00,1.07696,1.07932,1.07381,1.07698,23591
2022.09.27,08:00,1.07698,1.08380,1.07638,1.08074,47429
2022.09.27,12:00,1.08069,1.08260,1.07692,1.07715,44085
2022.09.27,16:00,1.07720,1.07954,1.06606,1.06756,65234
2022.09.27,20:00,1.06756,1.07365,1.06584,1.07290,29377
2022.09.28,00:00,1.07283,1.07384,1.06855,1.06916,8826
2022.09.28,04:00,1.06914,1.06990,1.06309,1.06476,19203
2022.09.28,08:00,1.06481,1.07123,1.06402,1.06899,53301
2022.09.28,12:00,1.06900,1.08398,1.05395,1.06722,74392
2022.09.28,16:00,1.06715,1.08759,1.06192,1.08608,73241
2022.09.28,20:00,1.08609,1.09153,1.08524,1.08880,19119
2022.09.29,00:00,1.08859,1.08872,1.08036,1.08058,15999
2022.09.29,04:00,1.08055,1.08265,1.07817,1.08070,26626
2022.09.29,08:00,1.08073,1.08172,1.07622,1.07979,56769
2022.09.29,12:00,1.07979,1.08977,1.07968,1.08787,56661
2022.09.29,16:00,1.08787,1.11087,1.08783,1.10594,65873
2022.09.29,20:00,1.10598,1.11191,1.10375,1.11162,27616
2022.09.30,00:00,1.11099,1.12016,1.11077,1.11573,19083
2022.09.30,04:00,1.11572,1.11750,1.10700,1.11059,32188
2022.09.30,08:00,1.11060,1.12346,1.10927,1.12173,54190
2022.09.30,12:00,1.12185,1.12211,1.10250,1.10687,56853
2022.09.30,16:00,1.10687,1.11769,1.10504,1.11295,68379
2022.09.30,20:00,1.11293,1.11800,1.11180,1.11545,24797
2022.10.03,00:00,1.11595,1.11935,1.11103,1.11274,11965
2022.10.03,04:00,1.11275,1.11631,1.10859,1.10936,19181
2022.10.03,08:00,1.10936,1.12814,1.10912,1.12103,53511
2022.10.03,12:00,1.12103,1.12397,1.11693,1.12167,29038
2022.10.03,16:00,1.12167,1.13345,1.11999,1.12760,59744
2022.10.03,20:00,1.12762,1.13265,1.12650,1.13223,22890
2022.10.04,00:00,1.13186,1.13433,1.13097,1.13300,10869
2022.10.04,04:00,1.13300,1.13360,1.12802,1.13210,22431
2022.10.04,08:00,1.13208,1.14294,1.13184,1.13793,55798
2022.10.04,12:00,1.13792,1.13937,1.12992,1.13850,50167
2022.10.04,16:00,1.13856,1.14895,1.13513,1.14543,56019
2022.10.04,20:00,1.14544,1.14815,1.14273,1.14737,19205
2022.10.05,00:00,1.14733,1.14871,1.14198,1.14391,9996
2022.10.05,04:00,1.14390,1.14641,1.14137,1.14325,20237
2022.10.05,08:00,1.14325,1.14960,1.13800,1.14225,45875
2022.10.05,12:00,1.14225,1.14294,1.13047,1.13210,38955
2022.10.05,16:00,1.13211,1.13277,1.12271,1.12906,54311
2022.10.05,20:00,1.12906,1.13566,1.12891,1.13253,23808
2022.10.06,00:00,1.13225,1.13833,1.12969,1.13629,18188
2022.10.06,04:00,1.13629,1.13790,1.13325,1.13660,25010
2022.10.06,08:00,1.13660,1.13672,1.12788,1.12885,48249
2022.10.06,12:00,1.12886,1.13157,1.12416,1.12660,42867
2022.10.06,16:00,1.12660,1.12694,1.11131,1.11442,57734
2022.10.06,20:00,1.11443,1.11929,1.11415,1.11576,26619
2022.10.07,00:00,1.11557,1.11726,1.11344,1.11481,14421
2022.10.07,04:00,1.11482,1.11892,1.11389,1.11538,17221
2022.10.07,08:00,1.11540,1.12192,1.11153,1.11927,43491
2022.10.07,12:00,1.11930,1.12250,1.10913,1.11326,39443
2022.10.07,16:00,1.11323,1.11698,1.10906,1.10976,55651
2022.10.07,20:00,1.10979,1.11042,1.10552,1.10863,24805
2022.10.10,00:00,1.10798,1.10958,1.10576,1.10876,20627
2022.10.10,04:00,1.10876,1.11109,1.10692,1.10806,25412
2022.10.10,08:00,1.10806,1.11107,1.10272,1.10547,47265
2022.10.10,12:00,1.10548,1.10999,1.10425,1.10737,31730
2022.10.10,16:00,1.10739,1.10813,1.10249,1.10270,44169
2022.10.10,20:00,1.10268,1.10816,1.10196,1.10540,29396
2022.10.11,00:00,1.10525,1.10950,1.10496,1.10873,13080
2022.10.11,04:00,1.10873,1.10943,1.10179,1.10233,29640
2022.10.11,08:00,1.10231,1.10563,1.09974,1.10440,59073
2022.10.11,12:00,1.10438,1.11142,1.10310,1.10879,44249
2022.10.11,16:00,1.10880,1.11799,1.10436,1.11617,62208
2022.10.11,20:00,1.11618,1.11649,1.09519,1.09667,43026
2022.10.12,00:00,1.09627,1.09918,1.09480,1.09698,23349
2022.10.12,04:00,1.09697,1.10605,1.09230,1.09969,49144
2022.10.12,08:00,1.09962,1.10655,1.09539,1.10363,65553
2022.10.12,12:00,1.10365,1.10989,1.10210,1.10471,47992
2022.10.12,16:00,1.10471,1.10997,1.10221,1.10627,57503
2022.10.12,20:00,1.10625,1.11335,1.10599,1.10982,34347
2022.10.13,00:00,1.10983,1.11198,1.10876,1.11115,18072
2022.10.13,04:00,1.11115,1.11148,1.10754,1.10896,26348
2022.10.13,08:00,1.10895,1.11038,1.10575,1.11032,45978
2022.10.13,12:00,1.11032,1.12973,1.11000,1.12167,49363
2022.10.13,16:00,1.12162,1.13805,1.11589,1.13295,67620
2022.10.13,20:00,1.13279,1.13519,1.13009,1.13227,20310
2022.10.14,00:00,1.13105,1.13341,1.12893,1.13070,7242
2022.10.14,04:00,1.13070,1.13661,1.13056,1.13213,13889
2022.10.14,08:00,1.13210,1.13350,1.12547,1.12748,41274
2022.10.14,12:00,1.12751,1.13107,1.11667,1.12614,54138
2022.10.14,16:00,1.12612,1.12883,1.11521,1.11612,71882
2022.10.14,20:00,1.11611,1.11855,1.11553,1.11781,27262
2022.10.17,00:00,1.12108,1.12515,1.12089,1.12238,25227
2022.10.17,04:00,1.12238,1.12416,1.12157,1.12254,33118
2022.10.17,08:00,1.12256,1.13054,1.12235,1.12666,64371
2022.10.17,12:00,1.12671,1.13521,1.12555,1.13383,49864
2022.10.17,16:00,1.13382,1.14400,1.13343,1.13901,65446
2022.10.17,20:00,1.13901,1.14032,1.13431,1.13581,23526
2022.10.18,00:00,1.13559,1.13692,1.13455,1.13527,27453
2022.10.18,04:00,1.13526,1.14102,1.13308,1.13892,36926
2022.10.18,08:00,1.13893,1.14024,1.12867,1.12939,63861
2022.10.18,12:00,1.12939,1.13465,1.12555,1.13273,64247
2022.10.18,16:00,1.13271,1.13387,1.12801,1.13131,70615
2022.10.18,20:00,1.13129,1.13345,1.12792,1.13217,32259
2022.10.19,00:00,1.13130,1.13584,1.13096,1.13406,22484
2022.10.19,04:00,1.13404,1.13507,1.13175,1.13258,44232
2022.10.19,08:00,1.13254,1.13304,1.12456,1.12619,61850
2022.10.19,12:00,1.12622,1.12863,1.12214,1.12459,59042
2022.10.19,16:00,1.12462,1.12784,1.11886,1.11932,53342
2022.10.19,20:00,1.11934,1.12267,1.11846,1.12166,27833
2022.10.20,00:00,1.12156,1.12284,1.11970,1.12086,23060
2022.10.20,04:00,1.12084,1.12416,1.11906,1.12211,44386
2022.10.20,08:00,1.12211,1.12403,1.11799,1.11846,64462
2022.10.20,12:00,1.11849,1.13077,1.11714,1.12551,72027
2022.10.20,16:00,1.12554,1.13367,1.12425,1.12552,76190
2022.10.20,20:00,1.12552,1.12556,1.12024,1.12350,39358
2022.10.21,00:00,1.12324,1.12380,1.11980,1.12063,18784
2022.10.21,04:00,1.12064,1.12189,1.11900,1.11962,40839
2022.10.21,08:00,1.11962,1.12227,1.11230,1.11307,61233
2022.10.21,12:00,1.11306,1.11539,1.10607,1.11290,59312
2022.10.21,16:00,1.11289,1.12998,1.11171,1.12597,88257
2022.10.21,20:00,1.12604,1.13143,1.12426,1.12932,28183
2022.10.24,00:00,1.13793,1.14083,1.13067,1.13278,34133
2022.10.24,04:00,1.13277,1.13538,1.12999,1.13479,39721
2022.10.24,08:00,1.13478,1.13824,1.13029,1.13264,55250
2022.10.24,12:00,1.13276,1.13490,1.12732,1.13245,59506
2022.10.24,16:00,1.13242,1.13442,1.12579,1.12752,69975
2022.10.24,20:00,1.12755,1.12959,1.12714,1.12767,17161
2022.10.25,00:00,1.12712,1.13255,1.12695,1.13184,19820
2022.10.25,04:00,1.13183,1.13241,1.12921,1.12988,39504
2022.10.25,08:00,1.12991,1.13321,1.12711,1.13206,49395
2022.10.25,12:00,1.13204,1.13641,1.13051,1.13633,41493
2022.10.25,16:00,1.13634,1.14994,1.13629,1.14699,56318
2022.10.25,20:00,1.14695,1.14880,1.14598,1.14693,24412
2022.10.26,00:00,1.14693,1.14760,1.14317,1.14384,17301
2022.10.26,04:00,1.14384,1.14677,1.14302,1.14525,33543
2022.10.26,08:00,1.14525,1.16064,1.14453,1.16003,62494
2022.10.26,12:00,1.16001,1.16203,1.15456,1.15553,64570
2022.10.26,16:00,1.15552,1.16389,1.15439,1.16105,59769
2022.10.26,20:00,1.16108,1.16335,1.15975,1.16267,13655
2022.10.27,00:00,1.16162,1.16451,1.15772,1.16247,12561
2022.10.27,04:00,1.16249,1.16396,1.16046,1.16231,16259
2022.10.27,08:00,1.16230,1.16366,1.15853,1.15904,40674
2022.10.27,12:00,1.15902,1.15956,1.15490,1.15778,46063
2022.10.27,16:00,1.15777,1.16343,1.15567,1.15733,60971
2022.10.27,20:00,1.15734,1.16017,1.15573,1.15629,14766
2022.10.28,00:00,1.15574,1.15739,1.15438,1.15522,8116
2022.10.28,04:00,1.15527,1.15941,1.15477,1.15721,18814
2022.10.28,08:00,1.15722,1.15733,1.15035,1.15269,43401
2022.10.28,12:00,1.15274,1.15751,1.15125,1.15387,47452
2022.10.28,16:00,1.15388,1.16000,1.15335,1.15884,53323
2022.10.28,20:00,1.15884,1.16233,1.15827,1.16141,15877
2022.10.31,00:00,1.15858,1.16134,1.15795,1.15940,23578
2022.10.31,04:00,1.15941,1.16097,1.15853,1.15936,29889
2022.10.31,08:00,1.15937,1.16074,1.15427,1.15644,45339
2022.10.31,12:00,1.15644,1.15645,1.14755,1.14797,38426
2022.10.31,16:00,1.14797,1.15285,1.14600,1.14682,42560
2022.10.31,20:00,1.14684,1.14776,1.14507,1.14663,18271
2022.11.01,00:00,1.14662,1.14966,1.14637,1.14909,22614
2022.11.01,04:00,1.14909,1.15324,1.14891,1.15234,38359
2022.11.01,08:00,1.15231,1.15498,1.15015,1.15344,51065
2022.11.01,12:00,1.15339,1.15663,1.15272,1.15489,37562
2022.11.01,16:00,1.15488,1.15507,1.14370,1.14854,54118
2022.11.01,20:00,1.14853,1.14885,1.14664,1.14881,14983
2022.11.02,00:00,1.14873,1.15103,1.14719,1.15064,32634
2022.11.02,04:00,1.15063,1.15264,1.14963,1.15107,41357
2022.11.02,08:00,1.15107,1.15240,1.14847,1.14976,44732
2022.11.02,12:00,1.14976,1.15171,1.14804,1.14932,41493
2022.11.02,16:00,1.14932,1.14944,1.14488,1.14723,34092
2022.11.02,20:00,1.14700,1.15645,1.13836,1.13896,47556
2022.11.03,00:00,1.13895,1.14218,1.13743,1.14125,27718
2022.11.03,04:00,1.14124,1.14207,1.14035,1.14094,27871
2022.11.03,08:00,1.14089,1.14090,1.12440,1.12530,50333
2022.11.03,12:00,1.12530,1.12698,1.11566,1.11775,57820
2022.11.03,16:00,1.11773,1.12299,1.11575,1.11766,51059
2022.11.03,20:00,1.11766,1.11793,1.11503,1.11597,17312
2022.11.04,00:00,1.11599,1.11985,1.11494,1.11982,24119
2022.11.04,04:00,1.11982,1.12412,1.11909,1.12075,34637
2022.11.04,08:00,1.12076,1.12497,1.11916,1.12188,53617
2022.11.04,12:00,1.12188,1.12969,1.11475,1.12701,56010
2022.11.04,16:00,1.12702,1.13373,1.12624,1.13328,62557
2022.11.04,20:00,1.13327,1.13817,1.13208,1.13734,21515
2022.11.07,00:00,1.13094,1.13431,1.12982,1.13253,24020
2022.11.07,04:00,1.13252,1.13501,1.13178,1.13351,32574
2022.11.07,08:00,1.13352,1.14704,1.12904,1.14410,63003
2022.11.07,12:00,1.14410,1.14777,1.14263,1.14701,45353
2022.11.07,16:00,1.14701,1.15187,1.14410,1.15176,48385
2022.11.07,20:00,1.15176,1.15414,1.15097,1.15133,19875
2022.11.08,00:00,1.15100,1.15369,1.14994,1.15149,24846
2022.11.08,04:00,1.15149,1.15187,1.14797,1.14865,32047
2022.11.08,08:00,1.14865,1.14976,1.14438,1.14916,48230
2022.11.08,12:00,1.14915,1.14932,1.14297,1.14458,39654
2022.11.08,16:00,1.14459,1.15991,1.14443,1.15782,42145
2022.11.08,20:00,1.15780,1.15849,1.15120,1.15428,13319
2022.11.09,00:00,1.15362,1.15575,1.15226,1.15297,9564
2022.11.09,04:00,1.15297,1.15596,1.15297,1.15350,15279
2022.11.09,08:00,1.15349,1.15670,1.14374,1.14522,43653
2022.11.09,12:00,1.14519,1.14763,1.14044,1.14102,45459
2022.11.09,16:00,1.14103,1.14396,1.13561,1.13792,52890
2022.11.09,20:00,1.13799,1.13846,1.13334,1.13548,13577
2022.11.10,00:00,1.13517,1.13919,1.13335,1.13866,6710
2022.11.10,04:00,1.13866,1.14119,1.13721,1.14074,12979
2022.11.10,08:00,1.14073,1.14130,1.13630,1.13663,41825
2022.11.10,12:00,1.13664,1.16537,1.13657,1.16079,35866
2022.11.10,16:00,1.16083,1.16867,1.15927,1.16439,69513
2022.11.10,20:00,1.16441,1.17309,1.16433,1.17138,19433
2022.11.11,00:00,1.17035,1.17167,1.16470,1.16500,10412
2022.11.11,04:00,1.16500,1.17176,1.16500,1.17084,17499
2022.11.11,08:00,1.17083,1.17709,1.16926,1.17560,44807
2022.11.11,12:00,1.17558,1.17959,1.17194,1.17802,63463
2022.11.11,16:00,1.17804,1.18047,1.17088,1.17988,61611
2022.11.11,20:00,1.17990,1.18549,1.17956,1.18321,31301
2022.11.14,00:00,1.17963,1.18173,1.17647,1.17880,35721
2022.11.14,04:00,1.17878,1.17933,1.17431,1.17474,39865
2022.11.14,08:00,1.17474,1.18289,1.17474,1.18005,53438
2022.11.14,12:00,1.17996,1.18132,1.17395,1.17582,57849
2022.11.14,16:00,1.17584,1.17669,1.17100,1.17578,57495
2022.11.14,20:00,1.17580,1.18029,1.17498,1.17572,26409
2022.11.15,00:00,1.17541,1.17673,1.17404,1.17485,19540
2022.11.15,04:00,1.17484,1.17840,1.17437,1.17762,23583
2022.11.15,08:00,1.17758,1.18446,1.17700,1.18234,53874
2022.11.15,12:00,1.18248,1.20296,1.18204,1.19673,61369
2022.11.15,16:00,1.19682,1.19890,1.18558,1.18923,71005
2022.11.15,20:00,1.18923,1.18970,1.17903,1.18651,54219
2022.11.16,00:00,1.18613,1.18870,1.18323,1.18437,33743
2022.11.16,04:00,1.18437,1.18842,1.18310,1.18706,40100
2022.11.16,08:00,1.18703,1.19029,1.18368,1.18956,54490
2022.11.16,12:00,1.18956,1.19420,1.18596,1.18722,59098
2022.11.16,16:00,1.18723,1.19057,1.18319,1.18949,65203
2022.11.16,20:00,1.18950,1.19248,1.18688,1.19133,32578
2022.11.17,00:00,1.19088,1.19206,1.18832,1.18871,24784
2022.11.17,04:00,1.18870,1.19044,1.18658,1.18975,39790
2022.11.17,08:00,1.18976,1.19580,1.18694,1.18862,51275
2022.11.17,12:00,1.18863,1.18894,1.17628,1.17648,64330
2022.11.17,16:00,1.17647,1.18443,1.17632,1.18371,56566
2022.11.17,20:00,1.18368,1.18684,1.18346,1.18609,26841
2022.11.18,00:00,1.18603,1.19017,1.18544,1.18860,28252
2022.11.18,04:00,1.18860,1.19312,1.18857,1.19033,38542
2022.11.18,08:00,1.19031,1.19508,1.18815,1.19273,55960
2022.11.18,12:00,1.19275,1.19410,1.18905,1.19064,44633
2022.11.18,16:00,1.19070,1.19378,1.18731,1.18790,53192
2022.11.18,20:00,1.18791,1.19006,1.18751,1.18844,25964
2022.11.21,00:00,1.18914,1.18992,1.18455,1.18565,24332
2022.11.21,04:00,1.18565,1.18569,1.18207,1.18322,31231
2022.11.21,08:00,1.18323,1.18404,1.17924,1.18053,50556
2022.11.21,12:00,1.18052,1.18303,1.17847,1.18092,44466
2022.11.21,16:00,1.18092,1.18278,1.17781,1.17935,48654
2022.11.21,20:00,1.17933,1.18244,1.17907,1.18233,12606
2022.11.22,00:00,1.18169,1.18589,1.18151,1.18531,27514
2022.11.22,04:00,1.18530,1.18638,1.18339,1.18444,34272
2022.11.22,08:00,1.18446,1.18839,1.18244,1.18602,50372
2022.11.22,12:00,1.18600,1.19024,1.18460,1.18765,40748
2022.11.22,16:00,1.18766,1.18916,1.18553,1.18820,43703
2022.11.22,20:00,1.18820,1.18936,1.18742,1.18831,23708
2022.11.23,00:00,1.18832,1.19090,1.18758,1.18841,23824
2022.11.23,04:00,1.18842,1.18940,1.18725,1.18859,23778
2022.11.23,08:00,1.18858,1.19363,1.18743,1.19194,42213
2022.11.23,12:00,1.19194,1.19821,1.19050,1.19706,41593
2022.11.23,16:00,1.19706,1.20809,1.19661,1.20292,54750
2022.11.23,20:00,1.20294,1.20725,1.20193,1.20532,36040
2022.11.24,00:00,1.20497,1.20925,1.20471,1.20882,28496
2022.11.24,04:00,1.20883,1.21127,1.20792,1.20929,31835
2022.11.24,08:00,1.20928,1.20973,1.20594,1.20935,50419
2022.11.24,12:00,1.20938,1.21322,1.20868,1.21172,48962
2022.11.24,16:00,1.21170,1.21535,1.21161,1.21237,36080
2022.11.24,20:00,1.21237,1.21242,1.21108,1.21163,18123
2022.11.25,00:00,1.21092,1.21174,1.20959,1.21008,15491
2022.11.25,04:00,1.21008,1.21275,1.20955,1.21003,22609
2022.11.25,08:00,1.21002,1.21253,1.20725,1.20804,35700
2022.11.25,12:00,1.20804,1.21202,1.20579,1.20795,35860
2022.11.25,16:00,1.20795,1.21112,1.20628,1.20950,41655
2022.11.25,20:00,1.20947,1.21047,1.20722,1.20913,17750
2022.11.28,00:00,1.20565,1.20748,1.20302,1.20381,31620
2022.11.28,04:00,1.20383,1.20601,1.20253,1.20494,36473
2022.11.28,08:00,1.20492,1.21181,1.20467,1.20873,57473
2022.11.28,12:00,1.20872,1.21104,1.20593,1.20755,50473
2022.11.28,16:00,1.20756,1.20759,1.20007,1.20009,54250
2022.11.28,20:00,1.20009,1.20075,1.19401,1.19554,34161
2022.11.29,00:00,1.19539,1.19919,1.19446,1.19891,33827
2022.11.29,04:00,1.19890,1.20220,1.19829,1.20114,38407
2022.11.29,08:00,1.20114,1.20644,1.19799,1.19862,52441
2022.11.29,12:00,1.19874,1.20351,1.19789,1.19872,36017
2022.11.29,16:00,1.19870,1.20174,1.19531,1.19710,51740
2022.11.29,20:00,1.19710,1.19766,1.19449,1.19517,9520
2022.11.30,00:00,1.19482,1.19901,1.19413,1.19811,6572
2022.11.30,04:00,1.19811,1.19929,1.19707,1.19792,12347
2022.11.30,08:00,1.19794,1.20161,1.19479,1.20145,35476
2022.11.30,12:00,1.20143,1.20294,1.19857,1.19870,40784
2022.11.30,16:00,1.19867,1.20241,1.19002,1.19423,55268
2022.11.30,20:00,1.19422,1.20866,1.19212,1.20550,33286
2022.12.01,00:00,1.20555,1.21045,1.20486,1.20826,8733
2022.12.01,04:00,1.20825,1.21079,1.20733,1.21026,12252
2022.12.01,08:00,1.21023,1.21512,1.20697,1.21498,44420
2022.12.01,12:00,1.21498,1.22421,1.21351,1.22143,45024
2022.12.01,16:00,1.22143,1.23109,1.22091,1.22597,66246
2022.12.01,20:00,1.22596,1.22756,1.22336,1.22550,17637
2022.12.02,00:00,1.22512,1.22788,1.22311,1.22421,6432
2022.12.02,04:00,1.22421,1.22535,1.22247,1.22291,11880
2022.12.02,08:00,1.22291,1.22977,1.22269,1.22739,38509
2022.12.02,12:00,1.22746,1.22939,1.21345,1.21846,43594
2022.12.02,16:00,1.21849,1.22999,1.21667,1.22769,58458
2022.12.02,20:00,1.22777,1.22987,1.22590,1.22905,11944
2022.12.05,00:00,1.22632,1.23350,1.22504,1.23238,9731
2022.12.05,04:00,1.23238,1.23441,1.23139,1.23340,11312
2022.12.05,08:00,1.23342,1.23344,1.22623,1.22838,33900
2022.12.05,12:00,1.22836,1.23202,1.22332,1.22621,33761
2022.12.05,16:00,1.22621,1.22753,1.21633,1.21818,45836
2022.12.05,20:00,1.21817,1.21990,1.21612,1.21906,12521
2022.12.06,00:00,1.21864,1.22233,1.21686,1.22080,7058
2022.12.06,04:00,1.22080,1.22188,1.21792,1.21933,14257
2022.12.06,08:00,1.21934,1.22227,1.21673,1.21780,41911
2022.12.06,12:00,1.21775,1.22414,1.21587,1.22023,33608
2022.12.06,16:00,1.22020,1.22693,1.21531,1.21757,33312
2022.12.06,20:00,1.21758,1.21813,1.21273,1.21318,11781
2022.12.07,00:00,1.21296,1.21458,1.21212,1.21434,6849
2022.12.07,04:00,1.21434,1.21499,1.21232,1.21293,10444
2022.12.07,08:00,1.21294,1.21566,1.21067,1.21295,30953
2022.12.07,12:00,1.21297,1.22259,1.21295,1.22175,23121
2022.12.07,16:00,1.22175,1.22302,1.21719,1.22241,35820
2022.12.07,20:00,1.22241,1.22344,1.22013,1.22034,14855
2022.12.08,00:00,1.22015,1.22133,1.21798,1.21843,6786
2022.12.08,04:00,1.21845,1.21961,1.21780,1.21879,7443
2022.12.08,08:00,1.21878,1.22147,1.21595,1.21719,14518
2022.12.08,12:00,1.21719,1.22338,1.21548,1.22128,17804
2022.12.08,16:00,1.22128,1.22470,1.21906,1.22334,23120
2022.12.08,20:00,1.22334,1.22470,1.22240,1.22363,11899
2022.12.09,00:00,1.22324,1.22721,1.22204,1.22679,8100
2022.12.09,04:00,1.22685,1.22764,1.22522,1.22594,11138
2022.12.09,08:00,1.22595,1.22705,1.22316,1.22474,21076
2022.12.09,12:00,1.22474,1.22972,1.22042,1.22699,23151
2022.12.09,16:00,1.22701,1.23225,1.22496,1.22863,29431
2022.12.09,20:00,1.22864,1.22873,1.22521,1.22606,10546
2022.12.12,00:00,1.22519,1.22657,1.22118,1.22221,6693
2022.12.12,04:00,1.22221,1.22377,1.22122,1.22268,6068
2022.12.12,08:00,1.22269,1.22779,1.22073,1.22738,21866
2022.12.12,12:00,1.22739,1.22989,1.22685,1.22931,17738
2022.12.12,16:00,1.22931,1.22985,1.22421,1.22821,23127
2022.12.12,20:00,1.22818,1.22845,1.22407,1.22656,12666
2022.12.13,00:00,1.22664,1.22784,1.22566,1.22755,4807
2022.12.13,04:00,1.22755,1.22906,1.22516,1.22812,9007
2022.12.13,08:00,1.22815,1.23032,1.22480,1.22741,18974
2022.12.13,12:00,1.22741,1.24392,1.22608,1.24105,27770
2022.12.13,16:00,1.24105,1.24438,1.23518,1.23668,51451
2022.12.13,20:00,1.23668,1.23810,1.23450,1.23644,24208
2022.12.14,00:00,1.23625,1.23756,1.23416,1.23511,8229
2022.12.14,04:00,1.23513,1.23594,1.23430,1.23548,6189
2022.12.14,08:00,1.23548,1.24034,1.23424,1.23941,22234
2022.12.14,12:00,1.23941,1.24039,1.23551,1.23715,23022
2022.12.14,16:00,1.23712,1.24235,1.23587,1.24188,26976
2022.12.14,20:00,1.24188,1.24464,1.23444,1.24256,42979
2022.12.15,00:00,1.24166,1.24313,1.23983,1.23997,6322
2022.12.15,04:00,1.24003,1.24031,1.23767,1.23927,6862
2022.12.15,08:00,1.23927,1.24021,1.22961,1.23392,20448
2022.12.15,12:00,1.23392,1.23556,1.22894,1.23173,32037
2022.12.15,16:00,1.23173,1.23570,1.21561,1.21591,45356
2022.12.15,20:00,1.21591,1.21958,1.21577,1.21759,13339
2022.12.16,00:00,1.21757,1.22066,1.21718,1.22013,7943
2022.12.16,04:00,1.22013,1.22227,1.21996,1.22057,8795
2022.12.16,08:00,1.22057,1.22225,1.21196,1.21444,22156
2022.12.16,12:00,1.21441,1.22156,1.21395,1.21886,21903
2022.12.16,16:00,1.21886,1.22223,1.21453,1.21797,35527
2022.12.16,20:00,1.21799,1.21895,1.21498,1.21531,12570
2022.12.19,00:00,1.21376,1.21969,1.21376,1.21968,9922
2022.12.19,04:00,1.21968,1.22020,1.21672,1.21696,9672
2022.12.19,08:00,1.21696,1.22421,1.21692,1.22121,23436
2022.12.19,12:00,1.22119,1.22240,1.21558,1.21657,30953
2022.12.19,16:00,1.21659,1.21931,1.21203,1.21808,28566
2022.12.19,20:00,1.21808,1.21815,1.21387,1.21458,10453
2022.12.20,00:00,1.21480,1.21553,1.21381,1.21526,8319
2022.12.20,04:00,1.21526,1.22232,1.20852,1.21158,27781
2022.12.20,08:00,1.21160,1.21975,1.21141,1.21499,36543
2022.12.20,12:00,1.21496,1.21822,1.20980,1.21472,25333
2022.12.20,16:00,1.21472,1.21680,1.21223,1.21422,34497
2022.12.20,20:00,1.21424,1.21872,1.21332,1.21825,11712
2022.12.21,00:00,1.21794,1.21923,1.21601,1.21664,11198
2022.12.21,04:00,1.21665,1.21720,1.21606,1.21667,8398
2022.12.21,08:00,1.21667,1.21828,1.21276,1.21382,18019
2022.12.21,12:00,1.21380,1.21640,1.20857,1.21417,21563
2022.12.21,16:00,1.21414,1.21429,1.20551,1.20680,27236
2022.12.21,20:00,1.20677,1.20970,1.20596,1.20828,11929
2022.12.22,00:00,1.20786,1.21138,1.20700,1.21109,8462
2022.12.22,04:00,1.21106,1.21345,1.21081,1.21186,8630
2022.12.22,08:00,1.21186,1.21473,1.20873,1.20994,16944
2022.12.22,12:00,1.20994,1.21088,1.20220,1.20307,25464
2022.12.22,16:00,1.20307,1.20439,1.19924,1.20210,24575
2022.12.22,20:00,1.20210,1.20473,1.20007,1.20378,12725
2022.12.23,00:00,1.20365,1.20461,1.20018,1.20448,10595
2022.12.23,04:00,1.20449,1.20578,1.20349,1.20355,8837
2022.12.23,08:00,1.20356,1.20747,1.20289,1.20661,15703
2022.12.23,12:00,1.20661,1.20902,1.20229,1.20440,20598
2022.12.23,16:00,1.20440,1.20862,1.20284,1.20529,27198
2022.12.23,20:00,1.20529,1.20546,1.20273,1.20478,12578
2022.12.26,08:00,1.20540,1.20600,1.20477,1.20568,1634
2022.12.26,12:00,1.20567,1.20784,1.20496,1.20722,1283
2022.12.26,16:00,1.20721,1.20736,1.20468,1.20553,831
2022.12.26,20:00,1.20543,1.20685,1.20475,1.20615,795
2022.12.27,00:00,1.20615,1.20999,1.20452,1.20981,7183
2022.12.27,04:00,1.20982,1.21025,1.20788,1.20949,9052
2022.12.27,08:00,1.20949,1.21123,1.20518,1.20619,13812
2022.12.27,12:00,1.20617,1.20736,1.20205,1.20238,15368
2022.12.27,16:00,1.20234,1.20477,1.20023,1.20136,19209
2022.12.27,20:00,1.20136,1.20363,1.20113,1.20319,8155
2022.12.28,00:00,1.20264,1.20311,1.20077,1.20268,6261
2022.12.28,04:00,1.20270,1.20293,1.20022,1.20256,8370
2022.12.28,08:00,1.20254,1.20543,1.20175,1.20293,13779
2022.12.28,12:00,1.20293,1.21003,1.20264,1.20839,16351
2022.12.28,16:00,1.20840,1.21259,1.20220,1.20439,22301
2022.12.28,20:00,1.20439,1.20542,1.20163,1.20175,8388
2022.12.29,00:00,1.20152,1.20506,1.20101,1.20401,10075
2022.12.29,04:00,1.20396,1.20455,1.20275,1.20379,7254
2022.12.29,08:00,1.20381,1.20632,1.20146,1.20552,12106
2022.12.29,12:00,1.20554,1.20596,1.20197,1.20496,16171
2022.12.29,16:00,1.20496,1.20785,1.20224,1.20684,21532
2022.12.29,20:00,1.20685,1.20741,1.20533,1.20553,7867
2022.12.30,00:00,1.20528,1.20667,1.20381,1.20590,6708
2022.12.30,04:00,1.20589,1.20591,1.20383,1.20439,7264
2022.12.30,08:00,1.20437,1.20754,1.20272,1.20313,15071
2022.12.30,12:00,1.20313,1.20655,1.20096,1.20526,17520
2022.12.30,16:00,1.20526,1.21076,1.20158,1.20982,30093
2022.12.30,20:00,1.20988,1.20998,1.20583,1.20973,22483
2023.01.02,04:00,1.20782,1.20783,1.20736,1.20747,33
2023.01.02,08:00,1.20747,1.20768,1.20440,1.20458,3776
2023.01.02,12:00,1.20457,1.20553,1.20455,1.20516,4527
2023.01.02,16:00,1.20515,1.20531,1.20350,1.20470,5195
2023.01.02,20:00,1.20469,1.20492,1.20425,1.20458,2102
2023.01.03,00:00,1.20432,1.20749,1.20347,1.20508,9820
2023.01.03,04:00,1.20508,1.20848,1.20495,1.20693,12613
2023.01.03,08:00,1.20693,1.20792,1.19003,1.19237,27560
2023.01.03,12:00,1.19238,1.20098,1.19052,1.19931,19083
2023.01.03,16:00,1.19930,1.20577,1.19528,1.19642,28542
2023.01.03,20:00,1.19642,1.19912,1.19619,1.19655,11419
2023.01.04,00:00,1.19616,1.19963,1.19572,1.19938,9563
2023.01.04,04:00,1.19937,1.20011,1.19787,1.19846,9556
2023.01.04,08:00,1.19840,1.20865,1.19716,1.20601,23975
2023.01.04,12:00,1.20602,1.20876,1.20296,1.20563,21330
2023.01.04,16:00,1.20561,1.20763,1.20137,1.20659,31217
2023.01.04,20:00,1.20659,1.20728,1.20408,1.20532,18099
2023.01.05,00:00,1.20523,1.20778,1.20505,1.20630,8805
2023.01.05,04:00,1.20629,1.20632,1.20307,1.20373,11315
2023.01.05,08:00,1.20374,1.20506,1.19997,1.20304,17219
2023.01.05,12:00,1.20304,1.20381,1.19174,1.19199,22891
2023.01.05,16:00,1.19200,1.19284,1.18732,1.19073,37593
2023.01.05,20:00,1.19074,1.19352,1.18970,1.19128,15882
2023.01.06,00:00,1.19098,1.19285,1.18795,1.19185,11398
2023.01.06,04:00,1.19185,1.19354,1.18987,1.19039,12761
2023.01.06,08:00,1.19040,1.19262,1.18535,1.18582,22334
2023.01.06,12:00,1.18583,1.19296,1.18414,1.19262,27203
2023.01.06,16:00,1.19262,1.20849,1.18785,1.20847,41911
2023.01.06,20:00,1.20847,1.20991,1.20707,1.20945,11150
2023.01.09,00:00,1.20770,1.21280,1.20760,1.21135,12186
2023.01.09,04:00,1.21135,1.21580,1.21119,1.21463,12401
2023.01.09,08:00,1.21463,1.21740,1.21257,1.21587,24978
2023.01.09,12:00,1.21587,1.21881,1.21120,1.21682,22428
2023.01.09,16:00,1.21682,1.22100,1.21606,1.21944,28938
2023.01.09,20:00,1.21944,1.22044,1.21760,1.21836,15463
2023.01.10,00:00,1.21842,1.21982,1.21632,1.21796,9299
2023.01.10,04:00,1.21796,1.21859,1.21567,1.21748,13119
2023.01.10,08:00,1.21749,1.21846,1.21398,1.21836,21031
2023.01.10,12:00,1.21837,1.21838,1.21099,1.21373,17521
2023.01.10,16:00,1.21373,1.21810,1.21353,1.21485,34393
2023.01.10,20:00,1.21485,1.21676,1.21418,1.21495,9875
2023.01.11,00:00,1.21466,1.21638,1.21364,1.21502,7932
2023.01.11,04:00,1.21498,1.21737,1.21459,1.21687,8903
2023.01.11,08:00,1.21685,1.21781,1.21257,1.21324,18080
2023.01.11,12:00,1.21324,1.21408,1.21035,1.21060,17797
2023.01.11,16:00,1.21062,1.21539,1.21003,1.21208,24089
2023.01.11,20:00,1.21208,1.21560,1.21130,1.21483,14867
2023.01.12,00:00,1.21436,1.21651,1.21303,1.21587,10040
2023.01.12,04:00,1.21587,1.21703,1.21525,1.21559,7645
2023.01.12,08:00,1.21559,1.21819,1.21335,1.21770,16610
2023.01.12,12:00,1.21770,1.22424,1.21026,1.22361,29893
2023.01.12,16:00,1.22365,1.22400,1.20882,1.22285,50471
2023.01.12,20:00,1.22286,1.22466,1.22056,1.22079,19761
2023.01.13,00:00,1.22069,1.22325,1.21940,1.22184,10350
2023.01.13,04:00,1.22184,1.22187,1.21759,1.21810,12473
2023.01.13,08:00,1.21812,1.22484,1.21806,1.22280,22857
2023.01.13,12:00,1.22279,1.22410,1.21588,1.21673,21866
2023.01.13,16:00,1.21674,1.22220,1.21507,1.22091,33577
2023.01.13,20:00,1.22092,1.22395,1.22037,1.22351,12248
2023.01.16,00:00,1.22100,1.22763,1.21962,1.22711,10582
2023.01.16,04:00,1.22713,1.22890,1.22547,1.22632,9863
2023.01.16,08:00,1.22633,1.22642,1.21716,1.22003,20849
2023.01.16,12:00,1.22003,1.22255,1.21803,1.21929,18797
2023.01.16,16:00,1.21930,1.22114,1.21893,1.21907,15924
2023.01.16,20:00,1.21908,1.21988,1.21828,1.21917,5993
2023.01.17,00:00,1.21901,1.22129,1.21784,1.21878,12206
2023.01.17,04:00,1.21878,1.22058,1.21718,1.22009,12361
2023.01.17,08:00,1.22009,1.22299,1.21693,1.22085,23401
2023.01.17,12:00,1.22087,1.22728,1.21919,1.22518,27465
2023.01.17,16:00,1.22520,1.23000,1.22462,1.22622,36394
2023.01.17,20:00,1.22622,1.22918,1.22584,1.22875,13703
2023.01.18,00:00,1.22862,1.22917,1.22647,1.22845,7844
2023.01.18,04:00,1.22844,1.22900,1.22538,1.22823,19517
2023.01.18,08:00,1.22823,1.23634,1.22819,1.23592,30096
2023.01.18,12:00,1.23592,1.24217,1.23375,1.23950,29558
2023.01.18,16:00,1.23949,1.24359,1.23313,1.23455,40701
2023.01.18,20:00,1.23455,1.23511,1.23272,1.23467,14899
2023.01.19,00:00,1.23467,1.23502,1.23185,1.23362,9877
2023.01.19,04:00,1.23364,1.23452,1.23198,1.23309,10680
2023.01.19,08:00,1.23308,1.23496,1.23130,1.23369,21873
2023.01.19,12:00,1.23371,1.23589,1.23155,1.23493,25825
2023.01.19,16:00,1.23489,1.23776,1.23363,1.23724,30656
2023.01.19,20:00,1.23726,1.23973,1.23659,1.23882,14632
2023.01.20,00:00,1.23880,1.23979,1.23767,1.23850,6094
2023.01.20,04:00,1.23849,1.23938,1.23649,1.23788,8074
2023.01.20,08:00,1.23789,1.23826,1.23382,1.23412,18798
2023.01.20,12:00,1.23411,1.23711,1.23353,1.23413,20265
2023.01.20,16:00,1.23413,1.23955,1.23363,1.23864,27333
2023.01.20,20:00,1.23862,1.24041,1.23733,1.23993,12265
2023.01.23,00:00,1.23978,1.24335,1.23963,1.24260,8269
2023.01.23,04:00,1.24259,1.24477,1.24139,1.24139,7848
2023.01.23,08:00,1.24139,1.24319,1.23942,1.24065,18733
2023.01.23,12:00,1.24065,1.24091,1.23353,1.23457,20407
2023.01.23,16:00,1.23456,1.23875,1.23234,1.23686,25410
2023.01.23,20:00,1.23686,1.23877,1.23558,1.23758,13174
2023.01.24,00:00,1.23742,1.23902,1.23712,1.23880,5958
2023.01.24,04:00,1.23879,1.23942,1.23745,1.23867,5765
2023.01.24,08:00,1.23867,1.24138,1.23080,1.23304,16864
2023.01.24,12:00,1.23303,1.23353,1.22817,1.22921,20504
2023.01.24,16:00,1.22914,1.23399,1.22630,1.23259,32370
2023.01.24,20:00,1.23259,1.23419,1.23222,1.23343,11005
2023.01.25,00:00,1.23282,1.23384,1.23112,1.23261,11635
2023.01.25,04:00,1.23259,1.23369,1.23160,1.23220,7480
2023.01.25,08:00,1.23219,1.23388,1.23041,1.23100,14990
2023.01.25,12:00,1.23100,1.23363,1.22830,1.23153,14682
2023.01.25,16:00,1.23152,1.23996,1.23104,1.23820,26396
2023.01.25,20:00,1.23821,1.24039,1.23806,1.23995,8801
2023.01.26,00:00,1.23974,1.24181,1.23920,1.24098,6186
2023.01.26,04:00,1.24099,1.24106,1.23894,1.24008,6391
2023.01.26,08:00,1.24006,1.24302,1.23740,1.23845,16192
2023.01.26,12:00,1.23845,1.24067,1.23614,1.23926,17102
2023.01.26,16:00,1.23925,1.24192,1.23445,1.23748,27890
2023.01.26,20:00,1.23749,1.24160,1.23738,1.24078,8117
2023.01.27,00:00,1.24082,1.24184,1.23811,1.24036,6285
2023.01.27,04:00,1.24036,1.24039,1.23769,1.23813,5711
2023.01.27,08:00,1.23814,1.23895,1.23594,1.23706,12562
2023.01.27,12:00,1.23706,1.23915,1.23559,1.23682,13937
2023.01.27,16:00,1.23682,1.23980,1.23453,1.23918,26754
2023.01.27,20:00,1.23918,1.23994,1.23814,1.23976,6409
2023.01.30,00:00,1.23897,1.24040,1.23787,1.23923,5688
2023.01.30,04:00,1.23923,1.24058,1.23833,1.23966,10373
2023.01.30,08:00,1.23966,1.23999,1.23684,1.23926,16044
2023.01.30,12:00,1.23929,1.24173,1.23729,1.23746,15567
2023.01.30,16:00,1.23745,1.23945,1.23599,1.23631,19471
2023.01.30,20:00,1.23625,1.23639,1.23370,1.23495,8679
2023.01.31,00:00,1.23456,1.23707,1.23426,1.23665,6425
2023.01.31,04:00,1.23665,1.23665,1.23310,1.23382,6459
2023.01.31,08:00,1.23383,1.23626,1.23082,1.23255,15544
2023.01.31,12:00,1.23255,1.23300,1.22955,1.23214,19138
2023.01.31,16:00,1.23215,1.23285,1.22842,1.23254,25362
2023.01.31,20:00,1.23252,1.23373,1.23138,1.23191,8190
2023.02.01,00:00,1.23151,1.23273,1.23032,1.23101,5933
2023.02.01,04:00,1.23101,1.23195,1.23035,1.23148,3742
2023.02.01,08:00,1.23148,1.23280,1.23089,1.23169,12950
2023.02.01,12:00,1.23169,1.23442,1.23122,1.23396,14109
2023.02.01,16:00,1.23396,1.23467,1.22942,1.23019,22947
2023.02.01,20:00,1.23017,1.23947,1.22724,1.23733,36542
2023.02.02,00:00,1.23718,1.24010,1.23685,1.23779,9312
2023.02.02,04:00,1.23778,1.23956,1.23762,1.23907,7311
2023.02.02,08:00,1.23908,1.23972,1.23307,1.23444,17280
2023.02.02,12:00,1.23445,1.23904,1.22648,1.23009,31307
2023.02.02,16:00,1.23011,1.23259,1.22314,1.22435,33052
2023.02.02,20:00,1.22443,1.22547,1.22214,1.22237,19132
2023.02.03,00:00,1.22236,1.22316,1.22049,1.22178,5566
2023.02.03,04:00,1.22179,1.22197,1.22021,1.22135,6586
2023.02.03,08:00,1.22135,1.22517,1.21830,1.22459,25079
2023.02.03,12:00,1.22460,1.22654,1.21009,1.21276,36693
2023.02.03,16:00,1.21276,1.21478,1.20623,1.20746,54256
2023.02.03,20:00,1.20746,1.20756,1.20471,1.20506,20113
2023.02.06,00:00,1.20297,1.20575,1.20297,1.20416,16106
2023.02.06,04:00,1.20416,1.20678,1.20381,1.20676,20137
2023.02.06,08:00,1.20676,1.20700,1.20346,1.20366,29089
2023.02.06,12:00,1.20366,1.20774,1.20215,1.20491,31212
2023.02.06,16:00,1.20489,1.20750,1.20056,1.20115,36199
2023.02.06,20:00,1.20117,1.20388,1.20077,1.20171,16446
2023.02.07,00:00,1.20197,1.20551,1.20158,1.20518,13587
2023.02.07,04:00,1.20518,1.20551,1.20349,1.20486,16072
2023.02.07,08:00,1.20486,1.20574,1.19865,1.20052,31423
2023.02.07,12:00,1.20052,1.20115,1.19611,1.19795,31036
2023.02.07,16:00,1.19795,1.20954,1.19677,1.20847,41092
2023.02.07,20:00,1.20844,1.20906,1.19871,1.20469,37376
2023.02.08,00:00,1.20433,1.20612,1.20300,1.20469,17183
2023.02.08,04:00,1.20469,1.20568,1.20399,1.20533,16597
2023.02.08,08:00,1.20533,1.21096,1.20383,1.21052,29598
2023.02.08,12:00,1.21052,1.21083,1.20755,1.20831,24572
2023.02.08,16:00,1.20832,1.20973,1.20544,1.20835,36494
2023.02.08,20:00,1.20836,1.20950,1.20598,1.20698,19617
2023.02.09,00:00,1.20662,1.20764,1.20566,1.20747,20732
2023.02.09,04:00,1.20746,1.20944,1.20736,1.20882,19606
2023.02.09,08:00,1.20883,1.21430,1.20858,1.21409,29155
2023.02.09,12:00,1.21408,1.21924,1.21306,1.21923,27996
2023.02.09,16:00,1.21923,1.21937,1.21308,1.21421,36831
2023.02.09,20:00,1.21420,1.21421,1.21110,1.21200,23195
2023.02.10,00:00,1.21175,1.21279,1.21000,1.21095,16720
2023.02.10,04:00,1.21096,1.21100,1.20893,1.21012,21271
2023.02.10,08:00,1.21012,1.21393,1.20899,1.20997,42639
2023.02.10,12:00,1.20995,1.21222,1.20798,1.21119,31639
2023.02.10,16:00,1.21120,1.21301,1.20485,1.20489,35468
2023.02.10,20:00,1.20488,1.20633,1.20470,1.20578,14632
2023.02.13,00:00,1.20630,1.20647,1.20332,1.20477,14591
2023.02.13,04:00,1.20481,1.20525,1.20395,1.20452,20694
2023.02.13,08:00,1.20451,1.20667,1.20317,1.20380,28091
2023.02.13,12:00,1.20381,1.21151,1.20308,1.20879,25024
2023.02.13,16:00,1.20882,1.21447,1.20809,1.21351,30786
2023.02.13,20:00,1.21352,1.21520,1.21244,1.21381,15440
2023.02.14,00:00,1.21342,1.21522,1.21254,1.21404,17071
2023.02.14,04:00,1.21405,1.21516,1.21337,1.21464,24374
2023.02.14,08:00,1.21463,1.21882,1.21344,1.21881,30686
2023.02.14,12:00,1.21882,1.22687,1.21537,1.22186,29121
2023.02.14,16:00,1.22181,1.22208,1.21171,1.21713,40022
2023.02.14,20:00,1.21712,1.21903,1.21541,1.21729,23285
2023.02.15,00:00,1.21669,1.21814,1.21650,1.21659,19923
2023.02.15,04:00,1.21658,1.21669,1.21441,1.21494,19810
2023.02.15,08:00,1.21493,1.21557,1.20710,1.20963,35668
2023.02.15,12:00,1.20964,1.21009,1.20070,1.20152,31104
2023.02.15,16:00,1.20153,1.20343,1.19894,1.20046,37445
2023.02.15,20:00,1.20045,1.20380,1.19952,1.20320,16040
2023.02.16,00:00,1.20237,1.20440,1.20119,1.20394,18196
2023.02.16,04:00,1.20393,1.20527,1.20372,1.20457,25033
2023.02.16,08:00,1.20456,1.20742,1.20282,1.20554,39224
2023.02.16,12:00,1.20549,1.20688,1.19788,1.19865,28790
2023.02.16,16:00,1.19866,1.20270,1.19652,1.20167,36583
2023.02.16,20:00,1.20166,1.20270,1.19812,1.19907,24952
2023.02.17,00:00,1.19878,1.19938,1.19516,1.19533,18611
2023.02.17,04:00,1.19532,1.19581,1.19413,1.19480,17406
2023.02.17,08:00,1.19479,1.19586,1.19149,1.19425,35877
2023.02.17,12:00,1.19423,1.19739,1.19210,1.19727,33301
2023.02.17,16:00,1.19728,1.20369,1.19653,1.20195,36426
2023.02.17,20:00,1.20199,1.20493,1.20167,1.20401,17245
2023.02.20,00:00,1.20227,1.20377,1.20144,1.20188,19017
2023.02.20,04:00,1.20187,1.20448,1.20185,1.20422,24182
2023.02.20,08:00,1.20421,1.20569,1.20185,1.20217,25119
2023.02.20,12:00,1.20218,1.20415,1.20186,1.20376,13527
2023.02.20,16:00,1.20377,1.20428,1.20244,1.20359,12924
2023.02.20,20:00,1.20361,1.20422,1.20345,1.20383,4532
2023.02.21,00:00,1.20369,1.20436,1.20129,1.20257,7921
2023.02.21,04:00,1.20258,1.20362,1.20167,1.20302,8787
2023.02.21,08:00,1.20301,1.21082,1.19860,1.20915,29135
2023.02.21,12:00,1.20918,1.21299,1.20754,1.20997,31219
2023.02.21,16:00,1.20996,1.21476,1.20616,1.21274,32412
2023.02.21,20:00,1.21279,1.21284,1.20970,1.21112,14659
2023.02.22,00:00,1.21115,1.21353,1.21033,1.21207,9334
2023.02.22,04:00,1.21208,1.21250,1.20980,1.21062,6043
2023.02.22,08:00,1.21061,1.21286,1.20650,1.20779,23910
2023.02.22,12:00,1.20777,1.21204,1.20631,1.21048,28091
2023.02.22,16:00,1.21045,1.21134,1.20552,1.20737,29879
2023.02.22,20:00,1.20736,1.20824,1.20344,1.20456,18829
2023.02.23,00:00,1.20437,1.20604,1.20358,1.20568,4745
2023.02.23,04:00,1.20570,1.20679,1.20523,1.20605,6204
2023.02.23,08:00,1.20606,1.20749,1.20140,1.20303,23771
2023.02.23,12:00,1.20302,1.20631,1.20192,1.20312,24422
2023.02.23,16:00,1.20316,1.20690,1.19921,1.19985,28988
2023.02.23,20:00,1.19984,1.20319,1.19958,1.20135,14464
2023.02.24,00:00,1.20105,1.20328,1.20071,1.20161,11660
2023.02.24,04:00,1.20160,1.20310,1.20125,1.20229,9918
2023.02.24,08:00,1.20230,1.20421,1.20002,1.20237,22615
2023.02.24,12:00,1.20236,1.20305,1.19469,1.19632,26519
2023.02.24,16:00,1.19637,1.19665,1.19285,1.19457,31238
2023.02.24,20:00,1.19458,1.19546,1.19387,1.19392,14427
2023.02.27,00:00,1.19500,1.19627,1.19403,1.19625,6554
2023.02.27,04:00,1.19617,1.19640,1.19346,1.19381,8786
2023.02.27,08:00,1.19380,1.19847,1.19226,1.19738,25313
2023.02.27,12:00,1.19735,1.20238,1.19642,1.20203,22328
2023.02.27,16:00,1.20200,1.20603,1.20146,1.20592,27753
2023.02.27,20:00,1.20595,1.20658,1.20479,1.20619,11162
2023.02.28,00:00,1.20615,1.20680,1.20401,1.20529,8169
2023.02.28,04:00,1.20530,1.20626,1.20382,1.20402,9086
2023.02.28,08:00,1.20401,1.20977,1.20271,1.20745,26050
2023.02.28,12:00,1.20744,1.21283,1.20728,1.21223,24748
2023.02.28,16:00,1.21222,1.21431,1.20800,1.20997,33231
2023.02.28,20:00,1.20998,1.21020,1.20209,1.20214,14004
2023.03.01,00:00,1.20215,1.20410,1.19857,1.20336,14843
2023.03.01,04:00,1.20337,1.20471,1.20161,1.20405,8269
2023.03.01,08:00,1.20406,1.20890,1.20391,1.20679,28789
2023.03.01,12:00,1.20678,1.20750,1.20077,1.20085,33098
2023.03.01,16:00,1.20084,1.20449,1.19650,1.20228,40883
2023.03.01,20:00,1.20224,1.20274,1.19931,1.20257,13662
2023.03.02,00:00,1.20256,1.20362,1.19981,1.20092,7987
2023.03.02,04:00,1.20093,1.20166,1.19843,1.19882,9777
2023.03.02,08:00,1.19886,1.20096,1.19555,1.19732,27013
2023.03.02,12:00,1.19730,1.19879,1.19251,1.19294,30374
2023.03.02,16:00,1.19293,1.19628,1.19254,1.19335,32013
2023.03.02,20:00,1.19336,1.19576,1.19249,1.19478,15747
2023.03.03,00:00,1.19472,1.19750,1.19319,1.19625,6503
2023.03.03,04:00,1.19624,1.19767,1.19577,1.19646,8523
2023.03.03,08:00,1.19647,1.19987,1.19647,1.19856,24257
2023.03.03,12:00,1.19855,1.20189,1.19743,1.20081,25779
2023.03.03,16:00,1.20083,1.20175,1.19627,1.20099,31537
2023.03.03,20:00,1.20100,1.20484,1.20081,1.20435,12193
2023.03.06,00:00,1.20207,1.20391,1.20179,1.20353,7123
2023.03.06,04:00,1.20349,1.20479,1.20250,1.20361,7041
2023.03.06,08:00,1.20364,1.20456,1.20221,1.20283,18046
2023.03.06,12:00,1.20284,1.20315,1.19927,1.20111,17892
2023.03.06,16:00,1.20112,1.20489,1.19992,1.20408,23669
2023.03.06,20:00,1.20406,1.20408,1.20135,1.20262,8883
2023.03.07,00:00,1.20245,1.20422,1.20068,1.20380,4433
2023.03.07,04:00,1.20379,1.20479,1.20327,1.20367,8429
2023.03.07,08:00,1.20363,1.20653,1.20052,1.20123,22620
2023.03.07,12:00,1.20124,1.20164,1.19757,1.19802,23202
2023.03.07,16:00,1.19807,1.19866,1.18455,1.18494,35673
2023.03.07,20:00,1.18496,1.18586,1.18212,1.18266,13742
2023.03.08,00:00,1.18249,1.18361,1.18149,1.18285,6431
2023.03.08,04:00,1.18284,1.18316,1.18098,1.18212,8229
2023.03.08,08:00,1.18211,1.18419,1.18152,1.18328,19892
2023.03.08,12:00,1.18329,1.18487,1.18186,1.18232,15798
2023.03.08,16:00,1.18233,1.18589,1.18049,1.18312,20260
2023.03.08,20:00,1.18311,1.18499,1.18252,1.18429,7171
2023.03.09,00:00,1.18428,1.18544,1.18238,1.18369,4693
2023.03.09,04:00,1.18368,1.18659,1.18358,1.18544,3693
2023.03.09,08:00,1.18546,1.18890,1.18381,1.18697,12262
2023.03.09,12:00,1.18696,1.19112,1.18658,1.19079,20954
2023.03.09,16:00,1.19078,1.19363,1.19019,1.19249,24526
2023.03.09,20:00,1.19247,1.19388,1.19033,1.19217,15795
2023.03.10,00:00,1.19213,1.19331,1.19135,1.19246,7027
2023.03.10,04:00,1.19244,1.19321,1.19075,1.19240,11871
2023.03.10,08:00,1.19233,1.20092,1.19196,1.19872,25290
2023.03.10,12:00,1.19874,1.20456,1.19701,1.20129,28429
2023.03.10,16:00,1.20127,1.21134,1.20075,1.20596,32308
2023.03.10,20:00,1.20597,1.20653,1.20176,1.20311,25682
2023.03.13,00:00,1.20858,1.21035,1.20544,1.20589,35027
2023.03.13,04:00,1.20587,1.21408,1.20587,1.21112,34325
2023.03.13,08:00,1.21111,1.21245,1.20668,1.20775,43982
2023.03.13,12:00,1.20777,1.21324,1.20466,1.20991,43805
2023.03.13,16:00,1.20992,1.21869,1.20923,1.21750,40886
2023.03.13,20:00,1.21749,1.21997,1.21656,1.21819,26437
2023.03.14,00:00,1.21860,1.21885,1.21462,1.21510,25279
2023.03.14,04:00,1.21511,1.21628,1.21447,1.21592,27515
2023.03.14,08:00,1.21593,1.21833,1.21409,1.21554,41059
2023.03.14,12:00,1.21553,1.22037,1.21416,1.21670,34000
2023.03.14,16:00,1.21672,1.21781,1.21355,1.21686,40758
2023.03.14,20:00,1.21685,1.21846,1.21488,1.21518,22564
2023.03.15,00:00,1.21518,1.21644,1.21465,1.21643,25043
2023.03.15,04:00,1.21642,1.21815,1.21511,1.21561,23725
2023.03.15,08:00,1.21560,1.21644,1.21099,1.21184,34987
2023.03.15,12:00,1.21183,1.21285,1.20432,1.20480,37928
2023.03.15,16:00,1.20479,1.20741,1.20103,1.20555,37455
2023.03.15,20:00,1.20556,1.20854,1.20371,1.20412,20021
2023.03.16,00:00,1.20411,1.20818,1.20411,1.20666,29553
2023.03.16,04:00,1.20667,1.20868,1.20609,1.20725,23233
2023.03.16,08:00,1.20727,1.21130,1.20585,1.20753,31922
2023.03.16,12:00,1.20754,1.20936,1.20271,1.20877,31993
2023.03.16,16:00,1.20874,1.21204,1.20614,1.21085,34780
2023.03.16,20:00,1.21086,1.21277,1.20988,1.21062,19049
2023.03.17,00:00,1.21046,1.21319,1.21018,1.21255,17322
2023.03.17,04:00,1.21254,1.21596,1.21246,1.21589,19655
2023.03.17,08:00,1.21591,1.21765,1.21279,1.21307,33056
2023.03.17,12:00,1.21306,1.21486,1.21130,1.21429,28561
2023.03.17,16:00,1.21433,1.21853,1.21354,1.21853,31669
2023.03.17,20:00,1.21851,1.22006,1.21685,1.21761,12571